<?xml version="1.0" standalone="yes"?> 
<MetaInfo>
  <xs:schema id="MetaInfo" xmlns="" xmlns:xs="http://www.w3.org/2001/XMLSchema" xmlns:msdata="urn:schemas-microsoft-com:xml-msdata">
    <xs:element name="MetaInfo" msdata:IsDataSet="true" msdata:UseCurrentLocale="true">
      <xs:complexType>
        <xs:choice minOccurs="0" maxOccurs="unbounded">
          <xs:element name="iEngineInfo">
          <xs:complexType>
              <xs:sequence>
                <xs:element name="xmlBlobPath" type="xs:string" minoccurs="0"/>
                <xs:element name="resourceBlobPath" type="xs:string" minoccurs="0"/>
                <xs:element name="MainFileBlobPath" type="xs:string" minoccurs="0"/>
              </xs:sequence>
            </xs:complexType>
          </xs:element>
          <xs:element name="ProductionInfo">
            <xs:complexType>
              <xs:sequence>
                <xs:element name="WMSID" type="xs:string" minOccurs="0" />
                <xs:element name="BookId" type="xs:string" minOccurs="0" />
                <xs:element name="iPSBookId" type="xs:string" minOccurs="0" />
                <xs:element name="BookName" type="xs:string" minOccurs="0" />                
                <xs:element name="iPSID" type="xs:string" minOccurs="0" />
                <xs:element name="FileID" type="xs:string" minOccurs="0" />
                <xs:element name="FileName" type="xs:string" minOccurs="0" />
                <xs:element name="VolumeId" type="xs:string" minOccurs="0" />
                <xs:element name="VolumeName" type="xs:string" minOccurs="0" />
                <xs:element name="StageID" type="xs:string" minOccurs="0" />
                <xs:element name="StageName" type="xs:string" minOccurs="0" />
                <xs:element name="ActivityId" type="xs:string" minOccurs="0" />
                <xs:element name="ActivityName" type="xs:string" minOccurs="0" />
                <xs:element name="BatchId" type="xs:string" minOccurs="0" />
                <xs:element name="iTracksStageid" type="xs:string" minOccurs="0" />
                <xs:element name="Jobcardid" type="xs:string" minOccurs="0" />
                <xs:element name="SubJobcardid" type="xs:string" minOccurs="0" />
                <xs:element name="TemplateName" type="xs:string" minOccurs="0" />
                <xs:element name="Sessionid" type="xs:string" minOccurs="0" />
                <xs:element name="SessionPath" type="xs:string" minOccurs="0" />
                <xs:element name="Templateid" type="xs:string" minOccurs="0" />
                <xs:element name="WorkingPath" type="xs:string" minOccurs="0" />
                <xs:element name="ISnum" type="xs:string" minOccurs="0" />
              </xs:sequence>
            </xs:complexType>
          </xs:element>
          <xs:element name="JobInfo" msdata:Locale="en-IN">
            <xs:complexType>
              <xs:sequence>
                <xs:element name="FieldName" type="xs:string" minOccurs="0" />
                <xs:element name="Value" type="xs:string" minOccurs="0" />
              </xs:sequence>
            </xs:complexType>
          </xs:element>
          <xs:element name="FileInfo" msdata:Locale="en-IN">
            <xs:complexType>
              <xs:sequence>
                <xs:element name="FileName" type="xs:string" minOccurs="0" />
                <xs:element name="ChapterType" type="xs:string" minOccurs="0" />
                <xs:element name="ChapterNumber" type="xs:int" minOccurs="0" />
                <xs:element name="SequenceID" type="xs:int" minOccurs="0" />
              </xs:sequence>
            </xs:complexType>
          </xs:element>
        </xs:choice>
      </xs:complexType>
    </xs:element>
  </xs:schema>
  <ProductionInfo>
    <WMSID>19</WMSID>
    <BookId>18902</BookId>
    <Country>US</Country>
    <BookName>IOPP</BookName>
    <FileID>504715</FileID>
    <FileName>IOPP</FileName>
    <VolumeId>0</VolumeId>
    <VolumeName></VolumeName>
    <StageID>328</StageID>
    <StageName>Pre-Editing</StageName>
    <ActivityId>5614</ActivityId>
    <ActivityName>L1</ActivityName>
    <BatchId>None</BatchId>
    <iTracksStageid>328</iTracksStageid>
    <Jobcardid>545596</Jobcardid>
    <SubJobcardid></SubJobcardid>
    <TemplateName>36</TemplateName>
    <Sessionid>14628019</Sessionid>
    <Templateid>36</Templateid>
    <WorkingPath>C:\iTools\WMS\TandF-Books\14628019\WorkingFolder</WorkingPath>
    <ISnum>IS3419</ISnum>
    <Category>Project Management</Category>
  </ProductionInfo>
  <iEngineInfo>
    <xmlBlobPath>None</xmlBlobPath>
    <resourceBlobPath>None</resourceBlobPath>
    <MainFileBlobPath>None</MainFileBlobPath>
  </iEngineInfo>
</MetaInfo>