{
    "spec_id": "1",
    "photo_clearance": [
        {
            "follow_up": "1",
            "type": "Email",
            "date": "20/8/2018",
            "source_validity": "20/8/2018",
            "credit_line": "credit",
            "actula_cost": "$150",
            "status": "pending",
            "comments": "Lorem Ipsum is simply dummy text of the printing and typesetting industry."
        },
        {
            "follow_up": "2",
            "type": "Email",
            "date": "21/8/2018",
            "source_validity": "21/8/2018",
            "credit_line": "credit",
            "actula_cost": "$250",
            "status": "pending",
            "comments": "Lorem Ipsum is simply dummy text of the printing and typesetting."
        }
    ],
    "permission": {
        "hi_res_status": "select",
        "comments": "Approved"
    }
}