{
  "project_code": "EST - 4FT",
  "project_title": "Environmental Science",
  "project_author": "Lucy Fradenlin",
  "project_leadname": "Jhon Mechal Kenndy",
  "edition": "2nd Edition",
  "isbn": "ISBN-EVS",
  "short_title": "EVS",
  "copyright_year": "2018",
  "no_of_chapters": "10",
  "project_description": "All the Lorem Ipsum generators on the Internet tend to repeat predefined chunks as necessary",
  "receipt_date": "20-07-2018",
  "mode_of_receipt": "Document",
  "publication_date": "20-07-2018",
  "permission_duedate": "20-07-2018",
  "hires_duedate": "20-07-2018",
  "file_to_print_date": "20-07-2018",
  "closing_date": "20-07-2018",
  "customer_code": "TASA - 789",
  "customer_name": "Michal Mary",
  "customer_email_id": "Michalmary@yopmail.com",
  "customer_location": "London",
  "customer_category": "Higher Education",
  "customer_sub_category": "Higher Education",
  "currency": "USD",
  "services": [
    {
      "service_name": "Photo Research Batch -1",
      "no_of_chapters": "10",
      "attachments": "integra_file.doc",
      "due_date": "20-07-2018",
      "comments":"Approved"
    },
    {
      "service_name": "Photo Clearance",
      "no_of_chapters": "11",
      "attachments": "integra_file.doc",
      "due_date": "20-07-2018",
      "comments":"Approved"
    },
    {
      "service_name": "Text Assessment",
      "no_of_chapters": "15",
      "attachments": "integra_file.doc",
      "due_date": "20-07-2018",
      "comments":"Approved"
    },
    {
      "service_name": "Photo Research Batch -2",
      "no_of_chapters": "25",
      "attachments": "integra_file.doc",
      "due_date": "20-07-2018",
      "comments":"Approved"
    }
  ],
  "budget": {
    "photo_budget": "100",
    "text_budget": "100",
    "media_budget": "100",
    "total_budget": "100"
  },
  "customer_access":
   {
    "name": "Lucky Jovial",
    "email": "luckyjovial@yopmail.com",
    "type": "Select"
  }
}