{
  "chapter_name": "chapter1",
  "chapter_id": 1,
  "project_id": 1,
  "total_no_pages":10,
  "chapter_files": [
    { "fileName": "filename1", "file_id": "fileid1" },
    { "fileName": "filename2", "file_id": "fileid2" }
  ],
  "photos": [
    { "spec_id": 10, "spec": "spec1", "photo_no": "1" },
    { "spec_id": 20, "spec": "spec2", "photo_no": "2" }
  ],
  "text": [
    { "Session_id": "<sessionid>", "SessionName": "<sessionname>" },
    { "Session_id": "<sessionid>", "SessionName": "<sessionname>" }
  ]
}
