[{
    "ProjectID": "<projectid>",
    "ChapterID": "<chapterid>",
    "SelectionID": "<selectionid>",
    "RightsHolderID": "<rightholderid>",
    "TextClearance": [{
            "TextClearanceID": "<textclearanceid>",
            "Type": "<type>",
            "Date": "<date>",
            "SourceValidity": "<sourcevalidity>",
            "CreditLine": "<creditline>",
            "ActualCost": "<actualcost>",
            "Status": "<status>",
            "Comments": "<comments>"
        },
        {
            "TextClearanceID": "<textclearanceid>",
            "Type": "<type>",
            "Date": "<date>",
            "SourceValidity": "<sourcevalidity>",
            "CreditLine": "<creditline>",
            "ActualCost": "<actualcost>",
            "Status": "<status>",
            "Comments": "<comments>"
        }
    ]
}]