{
    "project_id": "1",
    "chapter_id": "001",
    "spec_id": "0001",
    "rights_holder_id": "R001",
                   "text_clearance": [
        {
            "text_clearance_id": "T001",
            "type": "Email",
            "date": "25/7/2018",
            "source_validity": "25/7/2018",
            "credit_line": "Credit",
            "actual_cost": "$150",
            "status": "Pending",
            "comments": "No Comments"
        },
        {
            "text_clearance_id": "T002",
            "type": "Email",
            "date": "20/7/2018",
            "source_validity": "20/7/2018",
            "credit_line": "Credit",
            "actual_cost": "$250",
            "status": "Pending",
            "comments": "No Comments"
        }
    ]
}