[{
    "attachments": [{
            "research": "Text Research Batch -1",
            "no_of_chapters": "10",
            "file_name": "integra_file.doc",
            "due_date": "20-07-2018",
            "comments": "Approved"
        },
        {
            "research": "Text Clearance",
            "no_of_chapters": "11",
            "file_name": "integra_file.doc",
            "due_date": "20-07-2018",
            "comments": "Approved"
        }
    ],
    "selections": [{
            "selection_id": "1",
            "selection_name": "Selection 1",
            "selection_data": [{
                "selection_description": "Loreum ipsisuim is a dummy",
                "selection_copyright_year": "2018",
                "source_chapter": "2",
                "source_total_pages": "100",
                "no_of_words": "10000",
                "source_page": "200",
                "source_ISBN/ID": "ISBN 9876",
                "source_description": "Loreum ipisium is a dummy text",
                "source_copyright_year": "2018",
                "figure_nos.": "2.2.3",
                "website_url": "https://projects.invisionapp.com",
                "clearance_required": "Yes",
                "rights_type": "Rights Manage",
                "permission_needed": "Nil",
                "permission_status": "Approved",
                "total_pages_request": "200"
            }],
            "rights_holder": [{
                    "rights_holder_id": "1",
                    "rights_holder_name": "Peter"
                },
                {
                    "rights_holder_id": "2",
                    "rights_holder_name": "Justin"
                },
                {
                    "rights_holder_id": "3",
                    "rights_holder_name": "Taylor"
                }
            ]
        },
        {
            "selection_id": "2",
            "selection_name": "Selection 2",
            "selection_data": [{
                "selection_description": "Dummy desciprtion is a dummy",
                "selection_copyright_year": "2010",
                "source_chapter": "4",
                "source_total_pages": "200",
                "no_of_words": "20000",
                "Source Page": "400",
                "source_ISBN/ID": "ISBN 99947",
                "source_description": "Dummy desciprtion is a dummy text",
                "source_copyright_year": "2010",
                "figure_nos.": "2.2.3",
                "website_url": "https://projects.invisionapp.com",
                "clearance_required": "No",
                "rights_type": "Rights Manage",
                "permission_needed": "Nil",
                "permission_status": "Approved",
                "total_pages_request": "400"
            }],
            "rights_holder": [{
                    "rights_holder_id": "1",
                    "rights_holder_name": "John"
                },
                {
                    "rights_holder_id": "2",
                    "rights_holder_name": "Carrie"
                },
                {
                    "rights_holder_id": "3",
                    "rights_holder_name": "Jack"
                }
            ]
        },
        {
            "selection_id": "3",
            "selection_name": "Selection 3",
            "selection_data": [{
                "selection_description": "Dummy desciprtion is a dummy",
                "selection_copyright_year": "2010",
                "source_chapter": "4",
                "source_total_pages": "200",
                "no_of_words": "20000",
                "Source Page": "400",
                "source_ISBN/ID": "ISBN 99947",
                "source_description": "Dummy desciprtion is a dummy text",
                "source_copyright_year": "2010",
                "figure_nos.": "2.2.3",
                "website_url": "https://projects.invisionapp.com",
                "clearance_required": "No",
                "rights_type": "Rights Manage",
                "permission_needed": "Nil",
                "permission_status": "Approved",
                "total_pages_request": "400"
            }],
            "rights_holder": [{
                    "rights_holder_id": "1",
                    "rights_holder_name": "John"
                },
                {
                    "rights_holder_id": "2",
                    "rights_holder_name": "Carrie"
                },
                {
                    "rights_holder_id": "3",
                    "rights_holder_name": "Jack"
                }
            ]
        },
        {
            "selection_id": "4",
            "selection_name": "Selection 4",
            "selection_data": [{
                "selection_description": "Dummy desciprtion is a dummy",
                "selection_copyright_year": "2010",
                "source_chapter": "4",
                "source_total_pages": "200",
                "no_of_words": "20000",
                "Source Page": "400",
                "source_ISBN/ID": "ISBN 99947",
                "source_description": "Dummy desciprtion is a dummy text",
                "source_copyright_year": "2010",
                "figure_nos.": "2.2.3",
                "website_url": "https://projects.invisionapp.com",
                "clearance_required": "No",
                "rights_type": "Rights Manage",
                "permission_needed": "Nil",
                "permission_status": "Approved",
                "total_pages_request": "400"
            }],
            "rights_holder": [{
                    "rights_holder_id": "1",
                    "rights_holder_name": "John"
                },
                {
                    "rights_holder_id": "2",
                    "rights_holder_name": "Carrie"
                },
                {
                    "rights_holder_id": "3",
                    "rights_holder_name": "Jack"
                }
            ]
        },
        {
            "selection_id": "5",
            "selection_name": "Selection 5",
            "selection_data": [{
                "selection_description": "Dummy desciprtion is a dummy",
                "selection_copyright_year": "2010",
                "source_chapter": "4",
                "source_total_pages": "200",
                "no_of_words": "20000",
                "Source Page": "400",
                "source_ISBN/ID": "ISBN 99947",
                "source_description": "Dummy desciprtion is a dummy text",
                "source_copyright_year": "2010",
                "figure_nos.": "2.2.3",
                "website_url": "https://projects.invisionapp.com",
                "clearance_required": "No",
                "rights_type": "Rights Manage",
                "permission_needed": "Nil",
                "permission_status": "Approved",
                "total_pages_request": "400"
            }],
            "rights_holder": [{
                    "rights_holder_id": "1",
                    "rights_holder_name": "John"
                },
                {
                    "rights_holder_id": "2",
                    "rights_holder_name": "Carrie"
                },
                {
                    "rights_holder_id": "3",
                    "rights_holder_name": "Jack"
                }
            ]
        }
    ]
}]