{
    "project_id": 1,
    "project_name": "service name",
    "services": [{
        "service_name": "photo_research",
        "activity": [{
            "activity_name": "research",
            "tasks": [{
                "spec_id": 1,
                "spec_name": "spec 1",
                "due_date": "02-05-2018",
                "comleted": "06-05-2018",
                "resource": "peter"
            }, {
                "spec_id": 2,
                "spec_name": "spec 2",
                "due_date": "02-05-2018",
                "comleted": "06-05-2018",
                "resource": "peter"
            }, {
                "spec_id": 3,
                "spec_name": "spec 3",
                "due_date": "02-05-2018",
                "comleted": "06-05-2018",
                "resource": "peter"
            }, {
                "spec_id": 4,
                "spec_name": "spec 4",
                "due_date": "02-05-2018",
                "comleted": "06-05-2018",
                "resource": "peter"
            }]
        }, {
            "activity_name": "qc",
            "tasks": [{
                "spec_id": 1,
                "spec_name": "spec 1",
                "due_date": "02-05-2018",
                "comleted": "06-05-2018",
                "resource": "michal"
            }, {
                "spec_id": 2,
                "spec_name": "spec 2",
                "due_date": "02-05-2018",
                "comleted": "06-05-2018",
                "resource": "michal"
            }, {
                "spec_id": 3,
                "spec_name": "spec 3",
                "due_date": "02-05-2018",
                "comleted": "06-05-2018",
                "resource": "michal"
            }, {
                "spec_id": 4,
                "spec_name": "spec 4",
                "due_date": "02-05-2018",
                "comleted": "06-05-2018",
                "resource": "michal"
            }]
        }]
    }, {
        "service_name": "text_assessment",
        "activity": [{
            "activity_name": "3rd party log",
            "tasks": [{
                "spec_id": 1,
                "spec_name": "spec 1",
                "due_date": "02-05-2018",
                "comleted": "06-05-2018",
                "resource": "peter"
            }, {
                "spec_id": 2,
                "spec_name": "spec 2",
                "due_date": "02-05-2018",
                "comleted": "06-05-2018",
                "resource": "peter"
            }, {
                "spec_id": 3,
                "spec_name": "spec 3",
                "due_date": "02-05-2018",
                "comleted": "06-05-2018",
                "resource": "peter"
            }, {
                "spec_id": 4,
                "spec_name": "spec 4",
                "due_date": "02-05-2018",
                "comleted": "06-05-2018",
                "resource": "peter"
            }]
        }, {
            "activity_name": "determine and confirm",
            "tasks": [{
                "spec_id": 1,
                "spec_name": "spec 1",
                "due_date": "02-05-2018",
                "comleted": "06-05-2018",
                "resource": "michal"
            }, {
                "spec_id": 2,
                "spec_name": "spec 2",
                "due_date": "02-05-2018",
                "comleted": "06-05-2018",
                "resource": "michal"
            }, {
                "spec_id": 3,
                "spec_name": "spec 3",
                "due_date": "02-05-2018",
                "comleted": "06-05-2018",
                "resource": "michal"
            }, {
                "spec_id": 4,
                "spec_name": "spec 4",
                "due_date": "02-05-2018",
                "comleted": "06-05-2018",
                "resource": "michal"
            }]
        }]
    }]
}