[{
        "id": 1,
        "value": "Chapter1",
        "attachement": "",
        "selection_description": "",
        "selection_copyright_year": "",
        "source_chapter": "",
        "source_total_pages": "",
        "no_of_words": "",
        "source_page": "",
        "source_ISBN/ID": "",
        "source_description": "",
        "source_copyright_year": "",
        "figure_nos": "",
        "website_url": "",
        "clearance_required": "",
        "rights_type": "",
        "permission_needed": "",
        "permission_status": "",
        "total_pages_request": "",
        "open": true,
        "data": [{
                "id": "1.1",
                "value": "Selection 1",
                "attachement": "<i class='fa fa-paperclip att_icon'></i>",
                "selection_description": "Loreum ipisium is a dummy  content text",
                "selection_copyright_year": "Credit",
                "source_chapter": "$1500",
                "source_total_pages": "12",
                "no_of_words": "15",
                "source_page": "18/06/2018",
                "source_ISBN/ID": "456",
                "source_description": "dummy",
                "source_copyright_year": "2000",
                "figure_nos": "12",
                "website_url": "iRights.com",
                "clearance_required": "yes",
                "rights_type": "research",
                "permission_needed": "required",
                "permission_status": "in progress",
                "total_pages_request": "yes",
                "rightholders": "<i class='fa fa-eye rght_view'></i>",
                "rightholders_details": [{
                    "id": 1,
                    "rightholders": "The Shawshank Redemption",
                    "contactname": 1994,
                    "address": 678790,
                    "city": "pondy",
                    "country": "india",
                    "zipcode": "605220",
                    "phonenumber1": "0122",
                    "phonenumber2": "02545",
                    "emailid1": "test@yu.com",
                    "emailid2": "test@yu.com",
                    "faxno": "12345689",
                    "socialsecurityno": "132345",
                    "federalidno": "12345",
                    "vatno": "12546"
                }]
            },
            {
                "id": "1.2",
                "value": "Selection 2",
                "attachement": "<i class='fa fa-paperclip att_icon'></i>",
                "selection_description": "Loreum ipisium is a dummy  content text",
                "selection_copyright_year": "Credit",
                "source_chapter": "$1500",
                "source_total_pages": "12",
                "no_of_words": "15",
                "source_page": "18/06/2018",
                "source_ISBN/ID": "456",
                "source_description": "dummy",
                "source_copyright_year": "2000",
                "figure_nos": "12",
                "website_url": "iRights.com",
                "clearance_required": "yes",
                "rights_type": "research",
                "permission_needed": "required",
                "permission_status": "in progress",
                "total_pages_request": "yes",
                "rightholders": "<i class='fa fa-eye rght_view'></i>",
                "rightholders_details": [{
                    "id": 2,
                    "rightholders": "The Shawshank Redemption",
                    "contactname": 1994,
                    "address": 678790,
                    "city": "pondy",
                    "country": "india",
                    "zipcode": "605220",
                    "phonenumber1": "0122",
                    "phonenumber2": "02545",
                    "emailid1": "test@yu.com",
                    "emailid2": "test@yu.com",
                    "faxno": "12345689",
                    "socialsecurityno": "132345",
                    "federalidno": "12345",
                    "vatno": "12546"
                }]
            },
            {
                "id": "1.3",
                "value": "Selection 3",
                "attachement": "<i class='fa fa-paperclip att_icon'></i>",
                "selection_description": "Loreum ipisium is a dummy  content text",
                "selection_copyright_year": "Credit",
                "source_chapter": "$1500",
                "source_total_pages": "12",
                "no_of_words": "15",
                "source_page": "18/06/2018",
                "source_ISBN/ID": "456",
                "source_description": "dummy",
                "source_copyright_year": "2000",
                "figure_nos": "12",
                "website_url": "iRights.com",
                "clearance_required": "yes",
                "rights_type": "research",
                "permission_needed": "required",
                "permission_status": "in progress",
                "total_pages_request": "yes",
                "rightholders": "<i class='fa fa-eye rght_view'></i>",
                "rightholders_details": [{
                    "id": 3,
                    "rightholders": "The Shawshank Redemption",
                    "contactname": 1994,
                    "address": 678790,
                    "city": "pondy",
                    "country": "india",
                    "zipcode": "605220",
                    "phonenumber1": "0122",
                    "phonenumber2": "02545",
                    "emailid1": "test@yu.com",
                    "emailid2": "test@yu.com",
                    "faxno": "12345689",
                    "socialsecurityno": "132345",
                    "federalidno": "12345",
                    "vatno": "12546"
                }]
            },
            {
                "id": "1.4",
                "value": "Selection 3",
                "attachement": "<i class='fa fa-paperclip att_icon'></i>",
                "selection_description": "Loreum ipisium is a dummy  content text",
                "selection_copyright_year": "Credit",
                "source_chapter": "$1500",
                "source_total_pages": "12",
                "no_of_words": "15",
                "source_page": "18/06/2018",
                "source_ISBN/ID": "456",
                "source_description": "dummy",
                "source_copyright_year": "2000",
                "figure_nos": "12",
                "website_url": "iRights.com",
                "clearance_required": "yes",
                "rights_type": "research",
                "permission_needed": "required",
                "permission_status": "in progress",
                "total_pages_request": "yes",
                "rightholders": "<i class='fa fa-eye rght_view'></i>",
                "rightholders_details": [{
                    "id": 4,
                    "rightholders": "The Shawshank Redemption",
                    "contactname": 1994,
                    "address": 678790,
                    "city": "pondy",
                    "country": "india",
                    "zipcode": "605220",
                    "phonenumber1": "0122",
                    "phonenumber2": "02545",
                    "emailid1": "test@yu.com",
                    "emailid2": "test@yu.com",
                    "faxno": "12345689",
                    "socialsecurityno": "132345",
                    "federalidno": "12345",
                    "vatno": "12546"
                }]
            },
            {
                "id": "1.5",
                "value": "Selection 5",
                "attachement": "<i class='fa fa-paperclip att_icon'></i>",
                "selection_description": "Loreum ipisium is a dummy  content text",
                "selection_copyright_year": "Credit",
                "source_chapter": "$1500",
                "source_total_pages": "12",
                "no_of_words": "15",
                "source_page": "18/06/2018",
                "source_ISBN/ID": "456",
                "source_description": "dummy",
                "source_copyright_year": "2000",
                "figure_nos": "12",
                "website_url": "iRights.com",
                "clearance_required": "yes",
                "rights_type": "research",
                "permission_needed": "required",
                "permission_status": "in progress",
                "total_pages_request": "yes",
                "rightholders": "<i class='fa fa-eye rght_view'></i>",
                "rightholders_details": [{
                    "id": 5,
                    "rightholders": "The Shawshank Redemption",
                    "contactname": 1994,
                    "address": 678790,
                    "city": "pondy",
                    "country": "india",
                    "zipcode": "605220",
                    "phonenumber1": "0122",
                    "phonenumber2": "02545",
                    "emailid1": "test@yu.com",
                    "emailid2": "test@yu.com",
                    "faxno": "12345689",
                    "socialsecurityno": "132345",
                    "federalidno": "12345",
                    "vatno": "12546"
                }]
            },
            {
                "id": "1.6",
                "value": "Selection 6",
                "attachement": "<i class='fa fa-paperclip att_icon'></i>",
                "selection_description": "Loreum ipisium is a dummy  content text",
                "selection_copyright_year": "Credit",
                "source_chapter": "$1500",
                "source_total_pages": "12",
                "no_of_words": "15",
                "source_page": "18/06/2018",
                "source_ISBN/ID": "456",
                "source_description": "dummy",
                "source_copyright_year": "2000",
                "figure_nos": "12",
                "website_url": "iRights.com",
                "clearance_required": "yes",
                "rights_type": "research",
                "permission_needed": "required",
                "permission_status": "in progress",
                "total_pages_request": "yes",
                "rightholders": "<i class='fa fa-eye rght_view'></i>",
                "rightholders_details": [{
                    "id": 6,
                    "rightholders": "The Shawshank Redemption",
                    "contactname": 1994,
                    "address": 678790,
                    "city": "pondy",
                    "country": "india",
                    "zipcode": "605220",
                    "phonenumber1": "0122",
                    "phonenumber2": "02545",
                    "emailid1": "test@yu.com",
                    "emailid2": "test@yu.com",
                    "faxno": "12345689",
                    "socialsecurityno": "132345",
                    "federalidno": "12345",
                    "vatno": "12546"
                }]
            }
        ]
    },
    {
        "id": 2,
        "value": "Chapter2",
        "attachement": "",
        "selection_description": "",
        "selection_copyright_year": "",
        "source_chapter": "",
        "source_total_pages": "",
        "no_of_words": "",
        "source_page": "",
        "source_ISBN/ID": "",
        "source_description": "",
        "source_copyright_year": "",
        "figure_nos": "",
        "website_url": "",
        "clearance_required": "",
        "rights_type": "",
        "permission_needed": "",
        "permission_status": "",
        "total_pages_request": "",
        "data": [{
                "id": "2.1",
                "value": "Selection 1",
                "attachement": "<i class='fa fa-paperclip att_icon'></i>",
                "selection_description": "Loreum ipisium is a dummy  content text",
                "selection_copyright_year": "Credit",
                "source_chapter": "$1500",
                "source_total_pages": "12",
                "no_of_words": "15",
                "source_page": "18/06/2018",
                "source_ISBN/ID": "456",
                "source_description": "dummy",
                "source_copyright_year": "2000",
                "figure_nos": "12",
                "website_url": "iRights.com",
                "clearance_required": "yes",
                "rights_type": "research",
                "permission_needed": "required",
                "permission_status": "in progress",
                "total_pages_request": "yes",
                "rightholders": "<i class='fa fa-eye rght_view'></i>",
                "rightholders_details": [{
                    "id": 7,
                    "rightholders": "The Shawshank Redemption",
                    "contactname": 1994,
                    "address": 678790,
                    "city": "pondy",
                    "country": "india",
                    "zipcode": "605220",
                    "phonenumber1": "0122",
                    "phonenumber2": "02545",
                    "emailid1": "test@yu.com",
                    "emailid2": "test@yu.com",
                    "faxno": "12345689",
                    "socialsecurityno": "132345",
                    "federalidno": "12345",
                    "vatno": "12546"
                }]
            },
            {
                "id": "2.2",
                "value": "Selection 2",
                "attachement": "<i class='fa fa-paperclip att_icon'></i>",
                "selection_description": "Loreum ipisium is a dummy  content text",
                "selection_copyright_year": "Credit",
                "source_chapter": "$1500",
                "source_total_pages": "12",
                "no_of_words": "15",
                "source_page": "18/06/2018",
                "source_ISBN/ID": "456",
                "source_description": "dummy",
                "source_copyright_year": "2000",
                "figure_nos": "12",
                "website_url": "iRights.com",
                "clearance_required": "yes",
                "rights_type": "research",
                "permission_needed": "required",
                "permission_status": "in progress",
                "total_pages_request": "yes",
                "rightholders": "<i class='fa fa-eye rght_view'></i>",
                "rightholders_details": [{
                    "id": 8,
                    "rightholders": "The Shawshank Redemption",
                    "contactname": 1994,
                    "address": 678790,
                    "city": "pondy",
                    "country": "india",
                    "zipcode": "605220",
                    "phonenumber1": "0122",
                    "phonenumber2": "02545",
                    "emailid1": "test@yu.com",
                    "emailid2": "test@yu.com",
                    "faxno": "12345689",
                    "socialsecurityno": "132345",
                    "federalidno": "12345",
                    "vatno": "12546"
                }]
            },
            {
                "id": "2.3",
                "value": "Selection 3",
                "attachement": "<i class='fa fa-paperclip att_icon'></i>",
                "selection_description": "Loreum ipisium is a dummy  content text",
                "selection_copyright_year": "Credit",
                "source_chapter": "$1500",
                "source_total_pages": "12",
                "no_of_words": "15",
                "source_page": "18/06/2018",
                "source_ISBN/ID": "456",
                "source_description": "dummy",
                "source_copyright_year": "2000",
                "figure_nos": "12",
                "website_url": "iRights.com",
                "clearance_required": "yes",
                "rights_type": "research",
                "permission_needed": "required",
                "permission_status": "in progress",
                "total_pages_request": "yes",
                "rightholders": "<i class='fa fa-eye rght_view'></i>",
                "rightholders_details": [{
                    "id": 9,
                    "rightholders": "The Shawshank Redemption",
                    "contactname": 1994,
                    "address": 678790,
                    "city": "pondy",
                    "country": "india",
                    "zipcode": "605220",
                    "phonenumber1": "0122",
                    "phonenumber2": "02545",
                    "emailid1": "test@yu.com",
                    "emailid2": "test@yu.com",
                    "faxno": "12345689",
                    "socialsecurityno": "132345",
                    "federalidno": "12345",
                    "vatno": "12546"
                }]
            },
            {
                "id": "2.4",
                "value": "Selection 3",
                "attachement": "<i class='fa fa-paperclip att_icon'></i>",
                "selection_description": "Loreum ipisium is a dummy  content text",
                "selection_copyright_year": "Credit",
                "source_chapter": "$1500",
                "source_total_pages": "12",
                "no_of_words": "15",
                "source_page": "18/06/2018",
                "source_ISBN/ID": "456",
                "source_description": "dummy",
                "source_copyright_year": "2000",
                "figure_nos": "12",
                "website_url": "iRights.com",
                "clearance_required": "yes",
                "rights_type": "research",
                "permission_needed": "required",
                "permission_status": "in progress",
                "total_pages_request": "yes",
                "rightholders": "<i class='fa fa-eye rght_view'></i>",
                "rightholders_details": [{
                    "id": 10,
                    "rightholders": "The Shawshank Redemption",
                    "contactname": 1994,
                    "address": 678790,
                    "city": "pondy",
                    "country": "india",
                    "zipcode": "605220",
                    "phonenumber1": "0122",
                    "phonenumber2": "02545",
                    "emailid1": "test@yu.com",
                    "emailid2": "test@yu.com",
                    "faxno": "12345689",
                    "socialsecurityno": "132345",
                    "federalidno": "12345",
                    "vatno": "12546"
                }]
            },
            {
                "id": "2.5",
                "value": "Selection 5",
                "attachement": "<i class='fa fa-paperclip att_icon'></i>",
                "selection_description": "Loreum ipisium is a dummy  content text",
                "selection_copyright_year": "Credit",
                "source_chapter": "$1500",
                "source_total_pages": "12",
                "no_of_words": "15",
                "source_page": "18/06/2018",
                "source_ISBN/ID": "456",
                "source_description": "dummy",
                "source_copyright_year": "2000",
                "figure_nos": "12",
                "website_url": "iRights.com",
                "clearance_required": "yes",
                "rights_type": "research",
                "permission_needed": "required",
                "permission_status": "in progress",
                "total_pages_request": "yes",
                "rightholders": "<i class='fa fa-eye rght_view'></i>",
                "rightholders_details": [{
                    "id": 11,
                    "rightholders": "The Shawshank Redemption",
                    "contactname": 1994,
                    "address": 678790,
                    "city": "pondy",
                    "country": "india",
                    "zipcode": "605220",
                    "phonenumber1": "0122",
                    "phonenumber2": "02545",
                    "emailid1": "test@yu.com",
                    "emailid2": "test@yu.com",
                    "faxno": "12345689",
                    "socialsecurityno": "132345",
                    "federalidno": "12345",
                    "vatno": "12546"
                }]
            },
            {
                "id": "2.6",
                "value": "Selection 6",
                "attachement": "<i class='fa fa-paperclip att_icon'></i>",
                "selection_description": "Loreum ipisium is a dummy  content text",
                "selection_copyright_year": "Credit",
                "source_chapter": "$1500",
                "source_total_pages": "12",
                "no_of_words": "15",
                "source_page": "18/06/2018",
                "source_ISBN/ID": "456",
                "source_description": "dummy",
                "source_copyright_year": "2000",
                "figure_nos": "12",
                "website_url": "iRights.com",
                "clearance_required": "yes",
                "rights_type": "research",
                "permission_needed": "required",
                "permission_status": "in progress",
                "total_pages_request": "yes",
                "rightholders": "<i class='fa fa-eye rght_view'></i>",
                "rightholders_details": [{
                    "id": 12,
                    "rightholders": "The Shawshank Redemption",
                    "contactname": 1994,
                    "address": 678790,
                    "city": "pondy",
                    "country": "india",
                    "zipcode": "605220",
                    "phonenumber1": "0122",
                    "phonenumber2": "02545",
                    "emailid1": "test@yu.com",
                    "emailid2": "test@yu.com",
                    "faxno": "12345689",
                    "socialsecurityno": "132345",
                    "federalidno": "12345",
                    "vatno": "12546"
                }]
            }
        ]
    }
]