{
    "project_id": "1",
    "chapter_id": "1",
    "chapter_name": "chapter_name",
    "selection_id": "1",
    "selection_description": "selection_description",
    "copy_right_year": "copy_right_year",
    "source_chapter": "2",
    "source_total_page": "100",
    "no_of_word": "5000",
    "source_page": "200",
    "source_is_bn": "ISBN 2346",
    "source_description": "Lorem Ipsum is simple text...",
    "source_copy_right_year": "2018",
    "figure_no": "2.2.3",
    "website_url": "http://www.istock.com",
    "clearance_required": "Yes",
    "rights_type": "Right Manage",
    "comment": "No Comments",
    "permission_needed": "NIL",
    "permission_status": "Approved",
    "total_page_request": "200",
    "right_holder_details": [
      { "name": "user_name", "id": "1" },
      { "name": "user_name", "id": "2" }
    ]
  }
  