{
    "get_tasks": [{
            "resource": "<i class='fa fa-plus'></i>",
            "project_id": 207,
            "id": "P207",
            "text": "SAMPLE PROJECT",
            "comment": "",
            "lock": "True",
            "notification": "True",
            "duration": 1,
            "start_date": "2018-08-17T05:07:31.763Z",
            "servicedate": "",
            "end_date": "2018-08-09T18:30:00.000Z",
            "progress": 0,
            "open": 1
        },
        {
            "resource": "<i class='fa fa-plus'></i>",
            "project_id": 208,
            "id": "P208",
            "text": "new sample project ",
            "comment": "",
            "lock": "True",
            "notification": "True",
            "duration": 1,
            "start_date": "2018-08-17T05:07:31.763Z",
            "servicedate": "",
            "end_date": "2018-08-15T18:30:00.000Z",
            "progress": 0,
            "open": 1
        },
        {
            "resource": "<i class='fa fa-plus'></i>",
            "service_id": 143,
            "project_id": 207,
            "id": "S143",
            "parent": "P207",
            "text": "Photo Research batch 1",
            "comment": "",
            "lock": "True",
            "notification": "True",
            "duration": 0,
            "start_date": "2018-08-17T05:14:06.890Z",
            "servicedate": "2018-08-12T18:30:00.000Z",
            "end_date": "2018-08-12T18:30:00.000Z",
            "progress": 0,
            "open": 1
        },
        {
            "resource": "<i class='fa fa-plus'></i>",
            "service_id": 143,
            "project_id": 207,
            "id": "S143",
            "parent": "P207",
            "text": "Photo Research batch 2",
            "comment": "",
            "lock": "True",
            "notification": "True",
            "duration": 0,
            "start_date": "2018-08-17T05:14:06.890Z",
            "servicedate": "2018-08-12T18:30:00.000Z",
            "end_date": "2018-08-12T18:30:00.000Z",
            "progress": 0,
            "open": 1
        },
        {
            "resource": "<i class='fa fa-plus'></i>",
            "service_id": 144,
            "project_id": 207,
            "id": "S144",
            "parent": "P207",
            "text": "Photo Research batch 2",
            "comment": "",
            "lock": "True",
            "notification": "True",
            "duration": 0,
            "start_date": "2018-08-17T05:14:06.890Z",
            "servicedate": "2018-08-12T18:30:00.000Z",
            "end_date": "2018-08-12T18:30:00.000Z",
            "progress": 0,
            "open": 1
        },
        {
            "resource": "<i class='fa fa-plus'></i>",
            "service_id": 145,
            "project_id": 208,
            "id": "S145",
            "parent": "P208",
            "text": "Photo Research batch 1",
            "comment": "",
            "lock": "True",
            "notification": "True",
            "duration": 0,
            "start_date": "2018-08-17T05:14:06.890Z",
            "servicedate": "2018-08-15T18:30:00.000Z",
            "end_date": "2018-08-15T18:30:00.000Z",
            "progress": 0,
            "open": 1
        },
        {
            "resource": "<i class='fa fa-plus'></i>",
            "progress": 0,
            "activity_id": 1,
            "text": "Photo Research",
            "id": "A1S143",
            "parent": "S143",
            "start_date": "2018-08-17T05:41:16.183Z",
            "end_date": "",
            "lock": "True",
            "notification": "Ture",
            "open": 1,
            "actual_norms": 12
        },
        {
            "resource": "<i class='fa fa-plus'></i>",
            "progress": 0,
            "activity_id": 1,
            "text": "Photo Research",
            "id": "A1S145",
            "parent": "S145",
            "start_date": "2018-08-17T05:41:16.183Z",
            "end_date": "",
            "lock": "True",
            "notification": "Ture",
            "open": 1,
            "actual_norms": 12
        },
        {
            "resource": "<i class='fa fa-plus'></i>",
            "progress": 0,
            "activity_id": 2,
            "text": "Photo QC",
            "id": "A2S143",
            "parent": "S143",
            "start_date": "2018-08-17T05:41:16.183Z",
            "end_date": "",
            "lock": "True",
            "notification": "Ture",
            "open": 1,
            "actual_norms": 48
        },
        {
            "resource": "<i class='fa fa-plus'></i>",
            "progress": 0,
            "activity_id": 2,
            "text": "Photo QC",
            "id": "A2S145",
            "parent": "S145",
            "start_date": "2018-08-17T05:41:16.183Z",
            "end_date": "",
            "lock": "True",
            "notification": "Ture",
            "open": 1,
            "actual_norms": 48
        },
        {
            "resource": "<i class='fa fa-plus'></i>",
            "progress": 0,
            "activity_id": 9,
            "text": "Text Assessment",
            "id": "A9S144",
            "parent": "S144",
            "start_date": "2018-08-17T05:41:16.183Z",
            "end_date": "",
            "lock": "True",
            "notification": "Ture",
            "open": 1,
            "actual_norms": 360
        },
        {
            "resource": "<i class='fa fa-plus'></i>",
            "progress": 0,
            "activity_id": 10,
            "text": "Determine & confirm",
            "id": "A10S144",
            "parent": "S144",
            "start_date": "2018-08-17T05:41:16.183Z",
            "end_date": "",
            "lock": "True",
            "notification": "Ture",
            "open": 1,
            "actual_norms": 140
        },
        {
            "resource": "<i class='fa fa-plus'></i>",
            "progress": 0,
            "activity_id": 11,
            "text": "Text QC",
            "id": "A11S144",
            "parent": "S144",
            "start_date": "2018-08-17T05:41:16.183Z",
            "end_date": "",
            "lock": "True",
            "notification": "Ture",
            "open": 1,
            "actual_norms": 280
        },
        {
            "id": "1",
            "progress": 0,
            "activity_id": 1,
            "text": "spec 1",
            "parent": "A1S143",
            "start_date": "2018-08-17T05:41:16.183Z",
            "end_date": null,
            "resource_id": null,
            "resource_name": null,
            "resource_code": null,
            "task_id": 68,
            "lock": "True",
            "notification": "Ture",
            "open": 1
        },
        {
            "id": "2",
            "progress": 0,
            "activity_id": 2,
            "text": "spec 1",
            "parent": "A2S143",
            "start_date": "2018-08-17T05:41:16.183Z",
            "end_date": null,
            "resource_id": null,
            "resource_name": null,
            "resource_code": null,
            "task_id": 68,
            "lock": "True",
            "notification": "Ture",
            "open": 1
        },
        {
            "id": "3",
            "progress": 0,
            "activity_id": 1,
            "text": "spec 1",
            "parent": "A1S143",
            "start_date": "2018-08-17T05:41:16.183Z",
            "end_date": null,
            "resource_id": null,
            "resource_name": null,
            "resource_code": null,
            "task_id": 69,
            "lock": "True",
            "notification": "Ture",
            "open": 1
        },
        {
            "id": "4",
            "progress": 0,
            "activity_id": 2,
            "text": "spec 1",
            "parent": "A2S143",
            "start_date": "2018-08-17T05:41:16.183Z",
            "end_date": null,
            "resource_id": null,
            "resource_name": null,
            "resource_code": null,
            "task_id": 69,
            "lock": "True",
            "notification": "Ture",
            "open": 1
        },
        {
            "id": "5",
            "progress": 0,
            "activity_id": 1,
            "text": "spec 2",
            "parent": "A1S143",
            "start_date": "2018-08-17T05:41:16.183Z",
            "end_date": null,
            "resource_id": null,
            "resource_name": null,
            "resource_code": null,
            "task_id": 70,
            "lock": "True",
            "notification": "Ture",
            "open": 1
        },
        {
            "id": "6",
            "progress": 0,
            "activity_id": 2,
            "text": "spec 2",
            "parent": "A2S143",
            "start_date": "2018-08-17T05:41:16.183Z",
            "end_date": null,
            "resource_id": null,
            "resource_name": null,
            "resource_code": null,
            "task_id": 70,
            "lock": "True",
            "notification": "Ture",
            "open": 1
        },
        {
            "id": "7",
            "progress": 0,
            "activity_id": 1,
            "text": "spec 2",
            "parent": "A1S143",
            "start_date": "2018-08-17T05:41:16.183Z",
            "end_date": null,
            "resource_id": null,
            "resource_name": null,
            "resource_code": null,
            "task_id": 71,
            "lock": "True",
            "notification": "Ture",
            "open": 1
        },
        {
            "id": "8",
            "progress": 0,
            "activity_id": 2,
            "text": "spec 2",
            "parent": "A2S143",
            "start_date": "2018-08-17T05:41:16.183Z",
            "end_date": null,
            "resource_id": null,
            "resource_name": null,
            "resource_code": null,
            "task_id": 71,
            "lock": "True",
            "notification": "Ture",
            "open": 1
        },
        {
            "id": "9",
            "progress": 0,
            "activity_id": 1,
            "text": "spec 3",
            "parent": "A1S143",
            "start_date": "2018-08-17T05:41:16.183Z",
            "end_date": null,
            "resource_id": null,
            "resource_name": null,
            "resource_code": null,
            "task_id": 72,
            "lock": "True",
            "notification": "Ture",
            "open": 1
        },
        {
            "id": "10",
            "progress": 0,
            "activity_id": 2,
            "text": "spec 3",
            "parent": "A2S143",
            "start_date": "2018-08-17T05:41:16.183Z",
            "end_date": null,
            "resource_id": null,
            "resource_name": null,
            "resource_code": null,
            "task_id": 72,
            "lock": "True",
            "notification": "Ture",
            "open": 1
        },
        {
            "id": "11",
            "progress": 0,
            "activity_id": 1,
            "text": "spec 2",
            "parent": "A1S143",
            "start_date": "2018-08-17T05:41:16.183Z",
            "end_date": null,
            "resource_id": null,
            "resource_name": null,
            "resource_code": null,
            "task_id": 78,
            "lock": "True",
            "notification": "Ture",
            "open": 1
        },
        {
            "id": "12",
            "progress": 0,
            "activity_id": 2,
            "text": "spec 2",
            "parent": "A2S143",
            "start_date": "2018-08-17T05:41:16.183Z",
            "end_date": null,
            "resource_id": null,
            "resource_name": null,
            "resource_code": null,
            "task_id": 78,
            "lock": "True",
            "notification": "Ture",
            "open": 1
        },
        {
            "id": "13",
            "progress": 0,
            "activity_id": 9,
            "text": "spec 2",
            "parent": "A9S144",
            "start_date": "2018-08-17T05:41:16.183Z",
            "end_date": null,
            "resource_id": null,
            "resource_name": null,
            "resource_code": null,
            "task_id": 78,
            "lock": "True",
            "notification": "Ture",
            "open": 1
        },
        {
            "id": "14",
            "progress": 0,
            "activity_id": 10,
            "text": "spec 2",
            "parent": "A10S144",
            "start_date": "2018-08-17T05:41:16.183Z",
            "end_date": null,
            "resource_id": null,
            "resource_name": null,
            "resource_code": null,
            "task_id": 78,
            "lock": "True",
            "notification": "Ture",
            "open": 1
        },
        {
            "id": "15",
            "progress": 0,
            "activity_id": 11,
            "text": "spec 2",
            "parent": "A11S144",
            "start_date": "2018-08-17T05:41:16.183Z",
            "end_date": null,
            "resource_id": null,
            "resource_name": null,
            "resource_code": null,
            "task_id": 78,
            "lock": "True",
            "notification": "Ture",
            "open": 1
        },
        {
            "id": "16",
            "progress": 0,
            "activity_id": 1,
            "text": "spec 2",
            "parent": "A1S143",
            "start_date": "2018-08-17T05:41:16.183Z",
            "end_date": null,
            "resource_id": null,
            "resource_name": null,
            "resource_code": null,
            "task_id": 79,
            "lock": "True",
            "notification": "Ture",
            "open": 1
        },
        {
            "id": "17",
            "progress": 0,
            "activity_id": 2,
            "text": "spec 2",
            "parent": "A2S143",
            "start_date": "2018-08-17T05:41:16.183Z",
            "end_date": null,
            "resource_id": null,
            "resource_name": null,
            "resource_code": null,
            "task_id": 79,
            "lock": "True",
            "notification": "Ture",
            "open": 1
        },
        {
            "id": "18",
            "progress": 0,
            "activity_id": 1,
            "text": "spec 2",
            "parent": "A1S143",
            "start_date": "2018-08-17T05:41:16.183Z",
            "end_date": null,
            "resource_id": null,
            "resource_name": null,
            "resource_code": null,
            "task_id": 80,
            "lock": "True",
            "notification": "Ture",
            "open": 1
        },
        {
            "id": "19",
            "progress": 0,
            "activity_id": 2,
            "text": "spec 2",
            "parent": "A2S143",
            "start_date": "2018-08-17T05:41:16.183Z",
            "end_date": null,
            "resource_id": null,
            "resource_name": null,
            "resource_code": null,
            "task_id": 80,
            "lock": "True",
            "notification": "Ture",
            "open": 1
        },
        {
            "id": "20",
            "progress": 0,
            "activity_id": 1,
            "text": "spec 2",
            "parent": "A1S143",
            "start_date": "2018-08-17T05:41:16.183Z",
            "end_date": null,
            "resource_id": null,
            "resource_name": null,
            "resource_code": null,
            "task_id": 81,
            "lock": "True",
            "notification": "Ture",
            "open": 1
        },
        {
            "id": "21",
            "progress": 0,
            "activity_id": 2,
            "text": "spec 2",
            "parent": "A2S143",
            "start_date": "2018-08-17T05:41:16.183Z",
            "end_date": null,
            "resource_id": null,
            "resource_name": null,
            "resource_code": null,
            "task_id": 81,
            "lock": "True",
            "notification": "Ture",
            "open": 1
        },
        {
            "id": "22",
            "progress": 0,
            "activity_id": 1,
            "text": "spec 4",
            "parent": "A1S143",
            "start_date": "2018-08-17T05:41:16.183Z",
            "end_date": null,
            "resource_id": null,
            "resource_name": null,
            "resource_code": null,
            "task_id": 84,
            "lock": "True",
            "notification": "Ture",
            "open": 1
        },
        {
            "id": "23",
            "progress": 0,
            "activity_id": 1,
            "text": "spec 4",
            "parent": "A1S143",
            "start_date": "2018-08-17T05:41:16.183Z",
            "end_date": null,
            "resource_id": null,
            "resource_name": null,
            "resource_code": null,
            "task_id": 84,
            "lock": "True",
            "notification": "Ture",
            "open": 1
        },
        {
            "id": "24",
            "progress": 0,
            "activity_id": 2,
            "text": "spec 4",
            "parent": "A2S143",
            "start_date": "2018-08-17T05:41:16.183Z",
            "end_date": null,
            "resource_id": null,
            "resource_name": null,
            "resource_code": null,
            "task_id": 84,
            "lock": "True",
            "notification": "Ture",
            "open": 1
        },
        {
            "id": "25",
            "progress": 0,
            "activity_id": 1,
            "text": "spec 4",
            "parent": "A1S143",
            "start_date": "2018-08-17T05:41:16.183Z",
            "end_date": null,
            "resource_id": null,
            "resource_name": null,
            "resource_code": null,
            "task_id": 85,
            "lock": "True",
            "notification": "Ture",
            "open": 1
        },
        {
            "id": "26",
            "progress": 0,
            "activity_id": 2,
            "text": "spec 4",
            "parent": "A2S143",
            "start_date": "2018-08-17T05:41:16.183Z",
            "end_date": null,
            "resource_id": null,
            "resource_name": null,
            "resource_code": null,
            "task_id": 85,
            "lock": "True",
            "notification": "Ture",
            "open": 1
        },
        {
            "id": "27",
            "progress": 0,
            "activity_id": 2,
            "text": "spec 4",
            "parent": "A2S143",
            "start_date": "2018-08-17T05:41:16.183Z",
            "end_date": null,
            "resource_id": null,
            "resource_name": null,
            "resource_code": null,
            "task_id": 85,
            "lock": "True",
            "notification": "Ture",
            "open": 1
        },
        {
            "id": "28",
            "progress": 0,
            "activity_id": 1,
            "text": "spec 4",
            "parent": "A1S143",
            "start_date": "2018-08-17T05:41:16.183Z",
            "end_date": null,
            "resource_id": null,
            "resource_name": null,
            "resource_code": null,
            "task_id": 86,
            "lock": "True",
            "notification": "Ture",
            "open": 1
        },
        {
            "id": "29",
            "progress": 0,
            "activity_id": 1,
            "text": "spec 4",
            "parent": "A1S143",
            "start_date": "2018-08-17T05:41:16.183Z",
            "end_date": null,
            "resource_id": null,
            "resource_name": null,
            "resource_code": null,
            "task_id": 86,
            "lock": "True",
            "notification": "Ture",
            "open": 1
        },
        {
            "id": "30",
            "progress": 0,
            "activity_id": 2,
            "text": "spec 4",
            "parent": "A2S143",
            "start_date": "2018-08-17T05:41:16.183Z",
            "end_date": null,
            "resource_id": null,
            "resource_name": null,
            "resource_code": null,
            "task_id": 86,
            "lock": "True",
            "notification": "Ture",
            "open": 1
        },
        {
            "id": "31",
            "progress": 0,
            "activity_id": 1,
            "text": "spec 4",
            "parent": "A1S143",
            "start_date": "2018-08-17T05:41:16.183Z",
            "end_date": null,
            "resource_id": null,
            "resource_name": null,
            "resource_code": null,
            "task_id": 87,
            "lock": "True",
            "notification": "Ture",
            "open": 1
        },
        {
            "id": "32",
            "progress": 0,
            "activity_id": 2,
            "text": "spec 4",
            "parent": "A2S143",
            "start_date": "2018-08-17T05:41:16.183Z",
            "end_date": null,
            "resource_id": null,
            "resource_name": null,
            "resource_code": null,
            "task_id": 87,
            "lock": "True",
            "notification": "Ture",
            "open": 1
        },
        {
            "id": "33",
            "progress": 0,
            "activity_id": 2,
            "text": "spec 4",
            "parent": "A2S143",
            "start_date": "2018-08-17T05:41:16.183Z",
            "end_date": null,
            "resource_id": null,
            "resource_name": null,
            "resource_code": null,
            "task_id": 87,
            "lock": "True",
            "notification": "Ture",
            "open": 1
        },
        {
            "id": "34",
            "progress": 0,
            "activity_id": 1,
            "text": "spec 4",
            "parent": "A1S143",
            "start_date": "2018-08-17T05:41:16.183Z",
            "end_date": null,
            "resource_id": null,
            "resource_name": null,
            "resource_code": null,
            "task_id": 88,
            "lock": "True",
            "notification": "Ture",
            "open": 1
        },
        {
            "id": "35",
            "progress": 0,
            "activity_id": 2,
            "text": "spec 4",
            "parent": "A2S143",
            "start_date": "2018-08-17T05:41:16.183Z",
            "end_date": null,
            "resource_id": null,
            "resource_name": null,
            "resource_code": null,
            "task_id": 88,
            "lock": "True",
            "notification": "Ture",
            "open": 1
        },
        {
            "id": "36",
            "progress": 0,
            "activity_id": 1,
            "text": "spec 4",
            "parent": "A1S143",
            "start_date": "2018-08-17T05:41:16.183Z",
            "end_date": null,
            "resource_id": null,
            "resource_name": null,
            "resource_code": null,
            "task_id": 89,
            "lock": "True",
            "notification": "Ture",
            "open": 1
        },
        {
            "id": "37",
            "progress": 0,
            "activity_id": 1,
            "text": "spec 4",
            "parent": "A1S143",
            "start_date": "2018-08-17T05:41:16.183Z",
            "end_date": null,
            "resource_id": null,
            "resource_name": null,
            "resource_code": null,
            "task_id": 89,
            "lock": "True",
            "notification": "Ture",
            "open": 1
        },
        {
            "id": "38",
            "progress": 0,
            "activity_id": 2,
            "text": "spec 4",
            "parent": "A2S143",
            "start_date": "2018-08-17T05:41:16.183Z",
            "end_date": null,
            "resource_id": null,
            "resource_name": null,
            "resource_code": null,
            "task_id": 89,
            "lock": "True",
            "notification": "Ture",
            "open": 1
        },
        {
            "id": "39",
            "progress": 0,
            "activity_id": 1,
            "text": "spec 2",
            "parent": "A1S143",
            "start_date": "2018-08-17T05:41:16.183Z",
            "end_date": null,
            "resource_id": null,
            "resource_name": null,
            "resource_code": null,
            "task_id": 90,
            "lock": "True",
            "notification": "Ture",
            "open": 1
        },
        {
            "id": "40",
            "progress": 0,
            "activity_id": 2,
            "text": "spec 2",
            "parent": "A2S143",
            "start_date": "2018-08-17T05:41:16.183Z",
            "end_date": null,
            "resource_id": null,
            "resource_name": null,
            "resource_code": null,
            "task_id": 90,
            "lock": "True",
            "notification": "Ture",
            "open": 1
        },
        {
            "id": "41",
            "progress": 0,
            "activity_id": 1,
            "text": "spec 2",
            "parent": "A1S143",
            "start_date": "2018-08-17T05:41:16.183Z",
            "end_date": null,
            "resource_id": null,
            "resource_name": null,
            "resource_code": null,
            "task_id": 91,
            "lock": "True",
            "notification": "Ture",
            "open": 1
        },
        {
            "id": "42",
            "progress": 0,
            "activity_id": 2,
            "text": "spec 2",
            "parent": "A2S143",
            "start_date": "2018-08-17T05:41:16.183Z",
            "end_date": null,
            "resource_id": null,
            "resource_name": null,
            "resource_code": null,
            "task_id": 91,
            "lock": "True",
            "notification": "Ture",
            "open": 1
        },
        {
            "id": "43",
            "progress": 0,
            "activity_id": 1,
            "text": "spec 2",
            "parent": "A1S143",
            "start_date": "2018-08-17T05:41:16.183Z",
            "end_date": null,
            "resource_id": null,
            "resource_name": null,
            "resource_code": null,
            "task_id": 92,
            "lock": "True",
            "notification": "Ture",
            "open": 1
        },
        {
            "id": "44",
            "progress": 0,
            "activity_id": 2,
            "text": "spec 2",
            "parent": "A2S143",
            "start_date": "2018-08-17T05:41:16.183Z",
            "end_date": null,
            "resource_id": null,
            "resource_name": null,
            "resource_code": null,
            "task_id": 92,
            "lock": "True",
            "notification": "Ture",
            "open": 1
        },
        {
            "id": "45",
            "progress": 0,
            "activity_id": 1,
            "text": "spec 2",
            "parent": "A1S143",
            "start_date": "2018-08-17T05:41:16.183Z",
            "end_date": null,
            "resource_id": null,
            "resource_name": null,
            "resource_code": null,
            "task_id": 93,
            "lock": "True",
            "notification": "Ture",
            "open": 1
        },
        {
            "id": "46",
            "progress": 0,
            "activity_id": 2,
            "text": "spec 2",
            "parent": "A2S143",
            "start_date": "2018-08-17T05:41:16.183Z",
            "end_date": null,
            "resource_id": null,
            "resource_name": null,
            "resource_code": null,
            "task_id": 93,
            "lock": "True",
            "notification": "Ture",
            "open": 1
        },
        {
            "id": "47",
            "progress": 0,
            "activity_id": 2,
            "text": "spec 2",
            "parent": "A2S143",
            "start_date": "2018-08-17T05:41:16.183Z",
            "end_date": null,
            "resource_id": null,
            "resource_name": null,
            "resource_code": null,
            "task_id": 93,
            "lock": "True",
            "notification": "Ture",
            "open": 1
        },
        {
            "id": "48",
            "progress": 0,
            "activity_id": 1,
            "text": "spec 2",
            "parent": "A1S143",
            "start_date": "2018-08-17T05:41:16.183Z",
            "end_date": null,
            "resource_id": null,
            "resource_name": null,
            "resource_code": null,
            "task_id": 94,
            "lock": "True",
            "notification": "Ture",
            "open": 1
        },
        {
            "id": "49",
            "progress": 0,
            "activity_id": 2,
            "text": "spec 2",
            "parent": "A2S143",
            "start_date": "2018-08-17T05:41:16.183Z",
            "end_date": null,
            "resource_id": null,
            "resource_name": null,
            "resource_code": null,
            "task_id": 94,
            "lock": "True",
            "notification": "Ture",
            "open": 1
        },
        {
            "id": "50",
            "progress": 0,
            "activity_id": 1,
            "text": "spec 2",
            "parent": "A1S143",
            "start_date": "2018-08-17T05:41:16.183Z",
            "end_date": null,
            "resource_id": null,
            "resource_name": null,
            "resource_code": null,
            "task_id": 95,
            "lock": "True",
            "notification": "Ture",
            "open": 1
        },
        {
            "id": "51",
            "progress": 0,
            "activity_id": 2,
            "text": "spec 2",
            "parent": "A2S143",
            "start_date": "2018-08-17T05:41:16.183Z",
            "end_date": null,
            "resource_id": null,
            "resource_name": null,
            "resource_code": null,
            "task_id": 95,
            "lock": "True",
            "notification": "Ture",
            "open": 1
        },
        {
            "id": "52",
            "progress": 0,
            "activity_id": 1,
            "text": "spec 2",
            "parent": "A1S143",
            "start_date": "2018-08-17T05:41:16.183Z",
            "end_date": null,
            "resource_id": null,
            "resource_name": null,
            "resource_code": null,
            "task_id": 96,
            "lock": "True",
            "notification": "Ture",
            "open": 1
        },
        {
            "id": "53",
            "progress": 0,
            "activity_id": 2,
            "text": "spec 2",
            "parent": "A2S143",
            "start_date": "2018-08-17T05:41:16.183Z",
            "end_date": null,
            "resource_id": null,
            "resource_name": null,
            "resource_code": null,
            "task_id": 96,
            "lock": "True",
            "notification": "Ture",
            "open": 1
        },
        {
            "id": "54",
            "progress": 0,
            "activity_id": 1,
            "text": "spec 2",
            "parent": "A1S143",
            "start_date": "2018-08-17T05:41:16.183Z",
            "end_date": null,
            "resource_id": null,
            "resource_name": null,
            "resource_code": null,
            "task_id": 97,
            "lock": "True",
            "notification": "Ture",
            "open": 1
        },
        {
            "id": "55",
            "progress": 0,
            "activity_id": 2,
            "text": "spec 2",
            "parent": "A2S143",
            "start_date": "2018-08-17T05:41:16.183Z",
            "end_date": null,
            "resource_id": null,
            "resource_name": null,
            "resource_code": null,
            "task_id": 97,
            "lock": "True",
            "notification": "Ture",
            "open": 1
        },
        {
            "id": "56",
            "progress": 0,
            "activity_id": 1,
            "text": "spec 2",
            "parent": "A1S143",
            "start_date": "2018-08-17T05:41:16.183Z",
            "end_date": null,
            "resource_id": null,
            "resource_name": null,
            "resource_code": null,
            "task_id": 98,
            "lock": "True",
            "notification": "Ture",
            "open": 1
        },
        {
            "id": "57",
            "progress": 0,
            "activity_id": 2,
            "text": "spec 2",
            "parent": "A2S143",
            "start_date": "2018-08-17T05:41:16.183Z",
            "end_date": null,
            "resource_id": null,
            "resource_name": null,
            "resource_code": null,
            "task_id": 98,
            "lock": "True",
            "notification": "Ture",
            "open": 1
        },
        {
            "id": "58",
            "progress": 0,
            "activity_id": 2,
            "text": "spec 2",
            "parent": "A2S143",
            "start_date": "2018-08-17T05:41:16.183Z",
            "end_date": null,
            "resource_id": null,
            "resource_name": null,
            "resource_code": null,
            "task_id": 98,
            "lock": "True",
            "notification": "Ture",
            "open": 1
        },
        {
            "id": "59",
            "progress": 0,
            "activity_id": 1,
            "text": "spec 4",
            "parent": "A1S143",
            "start_date": "2018-08-17T05:41:16.183Z",
            "end_date": null,
            "resource_id": null,
            "resource_name": null,
            "resource_code": null,
            "task_id": 99,
            "lock": "True",
            "notification": "Ture",
            "open": 1
        },
        {
            "id": "60",
            "progress": 0,
            "activity_id": 2,
            "text": "spec 4",
            "parent": "A2S143",
            "start_date": "2018-08-17T05:41:16.183Z",
            "end_date": null,
            "resource_id": null,
            "resource_name": null,
            "resource_code": null,
            "task_id": 99,
            "lock": "True",
            "notification": "Ture",
            "open": 1
        },
        {
            "id": "61",
            "progress": 0,
            "activity_id": 1,
            "text": "spec 4",
            "parent": "A1S143",
            "start_date": "2018-08-17T05:41:16.183Z",
            "end_date": null,
            "resource_id": null,
            "resource_name": null,
            "resource_code": null,
            "task_id": 100,
            "lock": "True",
            "notification": "Ture",
            "open": 1
        },
        {
            "id": "62",
            "progress": 0,
            "activity_id": 2,
            "text": "spec 4",
            "parent": "A2S143",
            "start_date": "2018-08-17T05:41:16.183Z",
            "end_date": null,
            "resource_id": null,
            "resource_name": null,
            "resource_code": null,
            "task_id": 100,
            "lock": "True",
            "notification": "Ture",
            "open": 1
        },
        {
            "id": "63",
            "progress": 0,
            "activity_id": 1,
            "text": "kjhjk",
            "parent": "A1S143",
            "start_date": "2018-08-17T05:41:16.183Z",
            "end_date": null,
            "resource_id": null,
            "resource_name": null,
            "resource_code": null,
            "task_id": 116,
            "lock": "True",
            "notification": "Ture",
            "open": 1
        },
        {
            "id": "64",
            "progress": 0,
            "activity_id": 2,
            "text": "kjhjk",
            "parent": "A2S143",
            "start_date": "2018-08-17T05:41:16.183Z",
            "end_date": null,
            "resource_id": null,
            "resource_name": null,
            "resource_code": null,
            "task_id": 116,
            "lock": "True",
            "notification": "Ture",
            "open": 1
        },
        {
            "id": "65",
            "progress": 0,
            "activity_id": 1,
            "text": "kjhjk",
            "parent": "A1S143",
            "start_date": "2018-08-17T05:41:16.183Z",
            "end_date": null,
            "resource_id": null,
            "resource_name": null,
            "resource_code": null,
            "task_id": 117,
            "lock": "True",
            "notification": "Ture",
            "open": 1
        },
        {
            "id": "66",
            "progress": 0,
            "activity_id": 2,
            "text": "kjhjk",
            "parent": "A2S143",
            "start_date": "2018-08-17T05:41:16.183Z",
            "end_date": null,
            "resource_id": null,
            "resource_name": null,
            "resource_code": null,
            "task_id": 117,
            "lock": "True",
            "notification": "Ture",
            "open": 1
        },
        {
            "id": "67",
            "progress": 0,
            "activity_id": 1,
            "text": "spec with doc",
            "parent": "A1S145",
            "start_date": "2018-08-17T05:41:16.183Z",
            "end_date": null,
            "resource_id": null,
            "resource_name": null,
            "resource_code": null,
            "task_id": 106,
            "lock": "True",
            "notification": "Ture",
            "open": 1
        },
        {
            "id": "68",
            "progress": 0,
            "activity_id": 2,
            "text": "spec with doc",
            "parent": "A2S145",
            "start_date": "2018-08-17T05:41:16.183Z",
            "end_date": null,
            "resource_id": null,
            "resource_name": null,
            "resource_code": null,
            "task_id": 106,
            "lock": "True",
            "notification": "Ture",
            "open": 1
        },
        {
            "id": "69",
            "progress": 0,
            "activity_id": 1,
            "text": "spec 2",
            "parent": "A1S145",
            "start_date": "2018-08-17T05:41:16.183Z",
            "end_date": null,
            "resource_id": null,
            "resource_name": null,
            "resource_code": null,
            "task_id": 107,
            "lock": "True",
            "notification": "Ture",
            "open": 1
        },
        {
            "id": "70",
            "progress": 0,
            "activity_id": 2,
            "text": "spec 2",
            "parent": "A2S145",
            "start_date": "2018-08-17T05:41:16.183Z",
            "end_date": null,
            "resource_id": null,
            "resource_name": null,
            "resource_code": null,
            "task_id": 107,
            "lock": "True",
            "notification": "Ture",
            "open": 1
        }
    ]
}