{
  "project_id": "1",
  "chapter_id": "1",
  "session_id": "1",
  "selection_description": "<sessiondescription>",
  "copy_right_year": "<copyrightyear>",
  "source_chapter": "<sourcechapter>",
  "source_total_page": "<sourcetotalpage>",
  "no_of_word": "<noofword>",
  "source_page": "<sourcepage>",
  "source_isbn": "<sourceisbn>",
  "source_description": "<sourcedescription>",
  "source_copy_right_year": "<sourcecopyrightyear>",
  "figure_no": "<figureno>",
  "website_url": "http://google.com",
  "clearance_required": true,
  "rights_type": "rightstype",
  "comment": "<comment>",
  "permission_needed": "<permissionneeded>",
  "permission_status": "<permissionstatus>",
  "total_page_request": "<totalpagerequest>",
  "right_holder_details": [
    { "t_rights_holder_id":"0","right_holder_name": "<username>", "rights_holder_id": "<id>" },
    { "t_rights_holder_id":"0","right_holder_name": "<username>", "rights_holder_id": "<id>" }
  ]
}
