{
    "spec_description": "cars one in front of each other in the roads of new york",
    "page_number": "12",
    "photo_page": "5",
    "due_date": "07/08/2018",
    "tl_comments": "Check the images before uploading",
    "source": "Shutterstock",
    "source_url": "http://wwww.shutterstock.com/",
    "photo_grapher_name": "Adam Hellen",
    "keywords": "Auto",
    "clearance_required": "1",
    "rights_type": "Royalty Free",
    "image_type": "JPEG1",
    "source_type": "1",
    "usage_restriction":"Restricted",
    "image_cost": "150",
    "currency": "US Dollar",
    "model_release": "Yes",
    "property_release": "No",
    "comments": "1",
    "rights_holder_list": [
        {
            "right_holder_details": "Edward Cullinan1",
            "contact_name": "Edward Cullinan1",
            "address": "100, West Cross",
            "city": "California",
            "country": "USA",
            "zip_code": "15472878",
            "phone_number1": "988022255",
            "phone_number2": "9566369431",
            "email_id1": "edward.cullian@gmail.com",
            "email_id2": "vasugi2503@gmail.com",
            "fax_no": "877748855",
            "social_security_no": "77889956",
            "federal_id": "4579551",
            "vat_no": "1"
    
        },
        {
            "right_holder_details": "Edward Cullinan2",
            "contact_name": "Edward Cullinan2",
            "address": "100, West Cross",
            "city": "California",
            "country": "USA",
            "zip_code": "15472878",
            "phone_number1": "988022255",
            "phone_number2": "9566369431",
            "email_id1": "edward.cullian2@gmail.com",
            "email_id2": "vasugi2503@gmail.com",
            "fax_no": "877748855",
            "social_security_no": "77889956",
            "federal_id": "4579551",
            "vat_no": "1"
    
        }
    ]
   
    
}