 [{
         "project_title": "Sample Project",
         "project_code": "PR-7",
         "project_id": 1,
         "chapter_name": "chapter 1",
         "chapter_id": 1,
         "task_due_date": "2018-08-03T12:40:18.017Z",
         "Status": "Draft",
         "StatusID": 5,
         "closing_date": "2018-08-03T12:40:18.017Z"
     },
     {
         "project_title": "Sample Project2",
         "project_code": "PR-8",
         "project_id": 2,
         "chapter_name": "chapter ",
         "chapter_id": 2,
         "task_due_date": "2018-08-03T12:44:19.177Z",
         "Status": "Draft",
         "StatusID": 5,
         "closing_date": "2018-08-03T12:44:19.177Z"
     },
     {
         "project_title": "P T",
         "project_code": "PR-16",
         "project_id": 3,
         "chapter_name": "chapter 3",
         "chapter_id": 3,
         "task_due_date": "2018-08-08T00:00:00.000Z",
         "Status": "YTS",
         "StatusID": 1,
         "closing_date": "2018-08-19T00:00:00.000Z"
     },
     {
         "project_title": "P T",
         "project_code": "PR-17",
         "project_id": 4,
         "chapter_name": "chapter 4",
         "chapter_id": 4,
         "task_due_date": "2018-08-08T00:00:00.000Z",
         "Status": "YTS",
         "StatusID": 1,
         "closing_date": "2018-08-19T00:00:00.000Z"
     },
     {
         "project_title": "P T",
         "project_code": "PR-18",
         "project_id": 5,
         "chapter_name": "chapter 5",
         "chapter_id": 5,
         "task_due_date": "2018-08-08T00:00:00.000Z",
         "Status": "YTS",
         "StatusID": 1,
         "closing_date": "2018-08-19T00:00:00.000Z"
     },
     {
         "project_title": "P T",
         "project_code": "PR-19",
         "project_id": 6,
         "chapter_name": "chapter 6",
         "chapter_id": 6,
         "task_due_date": "2018-08-08T00:00:00.000Z",
         "Status": "YTS",
         "StatusID": 1,
         "closing_date": "2018-08-19T00:00:00.000Z"
     },
     {
         "project_title": "P T",
         "project_code": "PR-20",
         "project_id": 7,
         "chapter_name": "chapter 7",
         "chapter_id": 7,
         "task_due_date": "2018-08-08T00:00:00.000Z",
         "Status": "YTS",
         "StatusID": 1,
         "closing_date": "2018-08-19T00:00:00.000Z"
     }
 ]