[
  {
    "chapter_name": "chapter1",
    "chapter_id": "1",
    "project_id": "1"
  },
  {
    "chapter_name": "chapter2",
    "chapter_id": "2",
    "project_id": "1"
  },
  {
    "chapter_name": "chapter3",
    "chapter_id": "3",
    "project_id": "1"
  },
  {
    "chapter_name": "chapter4",
    "chapter_id": "4",
    "project_id": "1"
  },
  {
    "chapter_name": "chapter5",
    "chapter_id": "5",
    "project_id": "1"
  },
  {
    "chapter_name": "chapter6",
    "chapter_id": "1",
    "project_id": "1"
  },
  {
    "chapter_name": "chapter7",
    "chapter_id": "2",
    "project_id": "1"
  },
  {
    "chapter_name": "chapter8",
    "chapter_id": "1",
    "project_id": "1"
  }
]
