{
    "spec_id": "1",
    "proj_ser_id": "1",
    "chapter_id": "1",
    "spec_desc": "Image of apple",
    "page_no": "10",
    "photo_no": "2",
    "due_date": "15/8/2018",
    "tl_comments": "Photo is updated",
    "chapter_file": [
        {
            "file_id": "1",
            "file_name": "Pearson SVC MOM July2018 Team.xlsx",
            "created_on": "",
            "file_uri": "https://livewkldigitalbooks.blob.core.windows.net/titlestesting/irights/f6e43307/Pearson SVC MOM July2018 Team.xlsx",
            "is_active": true
        },
        {
            "file_id": "2",
            "file_name": "Pearson SVC MOM July2018 Team.xlsx",
            "created_on": "",
            "file_uri": "https://livewkldigitalbooks.blob.core.windows.net/titlestesting/irights/f6e43307/Pearson SVC MOM July2018 Team.xlsx",
            "is_active": true
        }
    ],
    "uploaded_asset": [
        {
            "image_id": "01",
            "source": "The Shawshank",
            "cost": "$50",
            "path": "https://ipubsuitedev.blob.core.windows.net/ipubsuite/irights/fd34d6d0/Login.png"
        },
        {
            "image_id": "02",
            "source": "The Godfather",
            "cost": "$150",
            "path": "https://ipubsuitedev.blob.core.windows.net/ipubsuite/irights/fd34d6d0/Login.png"
        }
    ],
    "meta": [
        {
            "image_id": "01",
            "source": "source",
            "source_url": "sourceurl",
            "photo_grapher_name": "photographername",
            "keywords": "keywords",
            "clearance_required": "1",
            "rights_type": "1",
            "image_type": "1",
            "source_type": "1",
            "usage_restriction": "usagerestriction",
            "image_cost": "imagecost",
            "currency": "1",
            "model_release": "1",
            "property_release": "1",
            "comments": "comments",
            "rights_holder": [
                {
                    "rights_holder_name": "vasugi",
                    "rights_holder_id": "1",
                    "contact_name": "vasu",
                    "address": "moolakulam",
                    "city": "pondy",
                    "country": "india",
                    "zip_code": "605010",
                    "phone_no1": "9566369431",
                    "phone_no2": "9566369431",
                    "email_id1": "vasu2503@gmail.com",
                    "email_id2": "vasu2503@gmail.com",
                    "fax_no": "2503",
                    "ssn": "2503",
                    "federal_id_no": "2503",
                    "vat_no": "1"
                },
                {
                    "rights_holder_name": "vaishnavi",
                    "rights_holder_id": "2",
                    "contact_name": "vaishu",
                    "address": "lawspet",
                    "city": "pondicherry",
                    "country": "USA",
                    "zip_code": "605011",
                    "phone_no1": "9994011734",
                    "phone_no2": "9994011734",
                    "email_id1": "vaishnavi@gmail.com",
                    "email_id2": "vaishnavi@gmail.com",
                    "fax_no": "2005",
                    "ssn": "2005",
                    "federal_id_no": "2005",
                    "vat_no": "1"
                }
            ]
        },
        {
            "image_id": "02",   
            "source": "source1",
            "source_url": "sourceurl",
            "photo_grapher_name": "photographername",
            "keywords": "keywords",
            "clearance_required": "1",
            "rights_type": "1",
            "image_type": "1",
            "source_type": "1",
            "usage_restriction": "usagerestriction",
            "image_cost": "imagecost",
            "currency": "1",
            "model_release": "1",
            "property_release": "1",
            "comments": "comments",
            "rights_holder": [
                {
                    "rights_holder_name": "vaishnavi",
                    "rights_holder_id": "1",
                    "contact_name": "vasu",
                    "address": "moolakulam",
                    "city": "pondy",
                    "country": "india",
                    "zip_code": "605010",
                    "phone_no1": "9566369431",
                    "phone_no2": "9566369431",
                    "email_id1": "vasu2503@gmail.com",
                    "email_id2": "vasu2503@gmail.com",
                    "fax_no": "2503",
                    "ssn": "2503",
                    "federal_id_no": "2503",
                    "vat_no": "1"
                },
                {
                    "rights_holder_name": "vaishnavi",
                    "rights_holder_id": "2",
                    "contact_name": "vaishu",
                    "address": "lawspet",
                    "city": "pondicherry",
                    "country": "USA",
                    "zip_code": "605011",
                    "phone_no1": "9994011734",
                    "phone_no2": "9994011734",
                    "email_id1": "vaishnavi@gmail.com",
                    "email_id2": "vaishnavi@gmail.com",
                    "fax_no": "2005",
                    "ssn": "2005",
                    "federal_id_no": "2005",
                    "vat_no": "1"
                }
            ]
        }
    ]
} 
    
        
    