{
    "project_id": "1",
    "chapter_id": "1",
    "selection_id": "1",
    "text_clearance_for_rightsholders": [{
        "rights_holder_id": "rightholder 1",
        "text_clearances": [{
                "text_clearance_id": "<textclearanceid>",
                "type": "<type>",
                "date": "<date>",
                "source_validity": "<sourcevalidity>",
                "credit_line": "<creditline>",
                "actual_cost": "<actualcost>",
                "status": "<status>",
                "comments": "<comments>"
            },
            {
                "text_clearance_id": "<textclearanceid>",
                "type": "<type>",
                "date": "<date>",
                "source_validity": "<sourcevalidity>",
                "credit_line": "<creditline>",
                "actual_cost": "<actualcost>",
                "status": "<status>",
                "comments": "<comments>"
            }
        ]
    }, {
        "rights_holder_id": "rightholder 2",
        "text_clearances": [{
                "text_clearance_id": "<textclearanceid>",
                "type": "<type>",
                "date": "<date>",
                "source_validity": "<sourcevalidity>",
                "credit_line": "<creditline>",
                "actual_cost": "<actualcost>",
                "status": "<status>",
                "comments": "<comments>"
            },
            {
                "text_clearance_id": "<textclearanceid>",
                "type": "<type>",
                "date": "<date>",
                "source_validity": "<sourcevalidity>",
                "credit_line": "<creditline>",
                "actual_cost": "<actualcost>",
                "status": "<status>",
                "comments": "<comments>"
            }
        ]
    }]
}