{
    "spec_id": "",
    "proj_ser_id": "",
    "chapter_id": "",
    "spec_desc": "",
    "page_no": "",
    "photo_no": "",
    "due_date": "",
    "tl_comments": "",
    "meta": [
        {
            "image_id": "",
            "source": "",
            "source_url": "",
            "photo_grapher_name": "",
            "keywords": "",
            "clearance_required": "",
            "rights_type": "",
            "image_type": "",
            "source_type": "",
            "usage_restriction": "",
            "image_cost": "",
            "currency": "",
            "model_release": "",
            "property_release": "",
            "comments": "",
            "rights_holder": [
                {
                    "right_holder_details": "",
                    "rights_holder_id": "",
                    "contact_name": "",
                    "address": "",
                    "city": "",
                    "country": "",
                    "zip_code": "",
                    "phone_number1": "",
                    "phone_number2": "",
                    "email_id1": "",
                    "email_id2": "",
                    "fax_no": "",
                    "social_security_no": "",
                    "federal_id": "",
                    "vat_no": ""
                }
            ]
        }
    ]
}