{
    "project_id": "P001",
    "chapter_id": "C001",
    "spec_id": "S001",
    "text_clearance_for_rights_holders": [
        {
            "rights_holder_id": "1",
            "text_clearance": [
                {
                    "text_clearance_id": "T001",
                    "type": "Email",
                    "date": "25/7/2018",
                    "source_validity": "25/7/2018",
                    "credit_line": "Credit",
                    "actual_cost": "$200",
                    "status": "Pending",
                    "comments": "No Comments"
                },
                {
                    "text_clearance_id": "T002",
                    "type": "Email",
                    "date": "26/7/2018",
                    "source_validity": "26/7/2018",
                    "credit_line": "Credit",
                    "actual_cost": "$500",
                    "status": "Pending",
                    "comments": "No Comments"
                }
            ]
        }
    ]
}